{
  "AUROC": 0.5013907613582566,
  "AUPRC": 0.0010759743708491827,
  "AUPRC_ratio": 1.0218036820257583,
  "EPR": 3.495659979675562,
  "edge_density": 0.001053014771600773,
  "n_true_edges": 3260,
  "n_total_pairs": 3095873
}