{
  "description": "Head-to-head comparison on additive-evaluable vs novel perturbation subsets",
  "shared_perts": 71,
  "novel_perts": 36,
  "total_test_perts": 107,
  "additive_shared": {
    "PDS": 0.8903225710694219,
    "DES": 0.9985915492957748,
    "MSE": 0.0021660980964440225,
    "n": 71
  },
  "scgpt_shared": {
    "PDS": 0.544490850360041,
    "DES": 0.871830985915493,
    "MSE": 0.0054191589325955,
    "n": 71
  },
  "scgpt_novel": {
    "PDS": 0.4195648729801178,
    "DES": 0.7888888888888888,
    "MSE": 0.003137483719102521,
    "n": 36
  },
  "scgpt_full": {
    "PDS": 0.5024596804004406,
    "DES": 0.8439252336448598,
    "MSE": 0.0046514925056259,
    "n": 107
  },
  "_partition_def": "shared=71 doubles (A+B), novel=36 singles (A+ctrl or ctrl+A)"
}