,mean_pearson_r_delta,median_pearson_r_delta,mean_mse_delta,mean_direction_score,n_perturbations
0,-0.17418198231999354,-0.18630701303482056,0.6514172392470814,0.5985981308411215,107
