{
  "mean_pearson_r": 0.151624858379364,
  "median_pearson_r": 0.11359978467226028,
  "rmse": 0.7758790850639343,
  "n_proteins": 50,
  "n_valid_proteins": 50,
  "model": "Mean celltype"
}