{
  "mean_pearson_r": 0.12853823602199554,
  "median_pearson_r": 0.0705304741859436,
  "rmse": 0.7564112544059753,
  "n_proteins": 50,
  "n_valid_proteins": 50,
  "model": "scLinear"
}