{
  "AUROC": 0.5069112897435706,
  "AUPRC": 0.0007451232338998143,
  "AUPRC_ratio": 1.1629446689208829,
  "EPR": 8.03550020586217,
  "edge_density": 0.0006407211398898518,
  "n_true_edges": 7575,
  "n_total_pairs": 11822616
}