{
  "AUROC": 0.5097545591035394,
  "AUPRC": 0.0006416248839825284,
  "AUPRC_ratio": 1.1197915981379896,
  "EPR": 4.809094808282302,
  "edge_density": 0.000572985977970753,
  "n_true_edges": 7621,
  "n_total_pairs": 13300500
}