{
  "AUROC": 0.6263239220741428,
  "AUPRC": 0.0005156645101783541,
  "AUPRC_ratio": 1.8891185539570803,
  "EPR": 0.0,
  "edge_density": 0.0002729656691467071,
  "n_true_edges": 491,
  "n_total_pairs": 1798761
}