,mean_pearson_r_delta,median_pearson_r_delta,mean_mse_delta,mean_direction_score,n_perturbations
0,0.502459682843092,0.5300410009549787,0.0046514925056259,0.8439252336448598,107
