,mean_pearson_r_delta,median_pearson_r_delta,mean_mse_delta,mean_direction_score,n_perturbations
0,0.6267425754034541,0.6851806853039473,0.004524796710397383,0.8778301886792452,106
