{
  "AUROC": 0.5186825049163968,
  "AUPRC": 0.0026504118839433028,
  "AUPRC_ratio": 2.452054990979531,
  "EPR": 20.048081028174547,
  "edge_density": 0.0010808941453978296,
  "n_true_edges": 1569,
  "n_total_pairs": 1451576
}