model,dataset,tau_point,tau_lower,tau_upper,tau_std,n_bootstrap,note
geneformer,sci_fate,-0.008804856669417542,-0.025867714292800482,0.00938339164974908,0.009070911417895428,1000,1000-cell bootstrap of kendalltau (one DPT computation reused)
geneformer,weinreb,-0.06992209272286658,-0.07670227091732053,-0.06329783914276697,0.003480461763387909,1000,1000-cell bootstrap of kendalltau (one DPT computation reused)
scgpt,sci_fate,0.009604389872549024,-0.007225800284581959,0.029595149448451753,0.009458271459050697,1000,1000-cell bootstrap of kendalltau (one DPT computation reused)
scgpt,weinreb,-0.11795686939013968,-0.12499292586066327,-0.11138471902368302,0.003413519878006402,1000,1000-cell bootstrap of kendalltau (one DPT computation reused)
transcriptformer,sci_fate,0.0491080025621754,0.031031799220426193,0.0673427754699291,0.009029087272236096,1000,1000-cell bootstrap of kendalltau (one DPT computation reused)
transcriptformer,weinreb,0.04143482492573246,-0.093480917652705,0.10656802449658963,0.07786124108864809,10,pre-existing 10x5000-cell DPT bootstrap (ARPACK fallback)
uce,sci_fate,0.23912912976056733,0.22144270361553758,0.2566628175212161,0.008853106781080321,1000,1000-cell bootstrap of kendalltau (one DPT computation reused)
uce,weinreb,-0.023622983282821794,-0.030417584261336877,-0.0171153023958181,0.0033900443772229344,1000,1000-cell bootstrap of kendalltau (one DPT computation reused)
