regime,mean_pearson_r_delta,median_pearson_r_delta,mean_mse_delta,mean_direction_score,n_perturbations
ZS+D,0.23948602054581464,0.24962922930717468,0.00662332139125912,0.7070093457943925,107
FT+D,0.6267425754034541,0.6851806853039473,0.004524796710397383,0.8778301886792452,106.0
