,mean_pearson_r_delta,median_pearson_r_delta,mean_mse_delta,mean_direction_score,n_perturbations
0,0.23948602054581464,0.24962922930717468,0.00662332139125912,0.7070093457943925,107
